{
  "project_info": {
    "project_number": "401489132327",
    "firebase_url": "https://bgapp-e0513.firebaseio.com",
    "project_id": "bgapp-e0513",
    "storage_bucket": "bgapp-e0513.appspot.com"
  },
  "client": [
    {
      "client_info": {
        "mobilesdk_app_id": "1:401489132327:android:afa1fa7406a35b5fa74702",
        "android_client_info": {
          "package_name": "com.example.android.portfolio"
        }
      },
      "oauth_client": [
        {
          "client_id": "401489132327-4tqlkr50agu1c8eemsum2t3vh4gc97g4.apps.googleusercontent.com",
          "client_type": 3
        }
      ],
      "api_key": [
        {
          "current_key": "AIzaSyDvbP1epP7sP0UvhgC1zhykjgceC5dLH48"
        }
      ],
      "services": {
        "appinvite_service": {
          "other_platform_oauth_client": [
            {
              "client_id": "401489132327-4tqlkr50agu1c8eemsum2t3vh4gc97g4.apps.googleusercontent.com",
              "client_type": 3
            }
          ]
        }
      }
    }
  ],
  "configuration_version": "1"
}